Country,Region
Australia,Australia and New Zealand
New Zealand,Australia and New Zealand
Albania,Central and Eastern Europe
Armenia,Central and Eastern Europe
Azerbaijan,Central and Eastern Europe
Belarus,Central and Eastern Europe
Bosnia and Herzegovina,Central and Eastern Europe
Bulgaria,Central and Eastern Europe
Croatia,Central and Eastern Europe
Czech Republic,Central and Eastern Europe
Czechia,Central and Eastern Europe
Estonia,Central and Eastern Europe
Georgia,Central and Eastern Europe
Hungary,Central and Eastern Europe
Kazakhstan,Central and Eastern Europe
Kosovo,Central and Eastern Europe
Kyrgyzstan,Central and Eastern Europe
Latvia,Central and Eastern Europe
Lithuania,Central and Eastern Europe
Moldova,Central and Eastern Europe
Montenegro,Central and Eastern Europe
North Cyprus,Central and Eastern Europe
North Macedonia,Central and Eastern Europe
Poland,Central and Eastern Europe
Romania,Central and Eastern Europe
Russia,Central and Eastern Europe
Serbia,Central and Eastern Europe
Slovakia,Central and Eastern Europe
Slovenia,Central and Eastern Europe
Tajikistan,Central and Eastern Europe
Turkmenistan,Central and Eastern Europe
Ukraine,Central and Eastern Europe
Uzbekistan,Central and Eastern Europe
China,Eastern Asia
Hong Kong,Eastern Asia
Japan,Eastern Asia
Mongolia,Eastern Asia
South Korea,Eastern Asia
Taiwan,Eastern Asia
Argentina,Latin America and Caribbean
Belize,Latin America and Caribbean
Bolivia,Latin America and Caribbean
Brazil,Latin America and Caribbean
Chile,Latin America and Caribbean
Colombia,Latin America and Caribbean
Costa Rica,Latin America and Caribbean
Dominican Republic,Latin America and Caribbean
Ecuador,Latin America and Caribbean
El Salvador,Latin America and Caribbean
Guatemala,Latin America and Caribbean
Haiti,Latin America and Caribbean
Honduras,Latin America and Caribbean
Jamaica,Latin America and Caribbean
Mexico,Latin America and Caribbean
Nicaragua,Latin America and Caribbean
Panama,Latin America and Caribbean
Paraguay,Latin America and Caribbean
Peru,Latin America and Caribbean
Puerto Rico,Latin America and Caribbean
Suriname,Latin America and Caribbean
Trinidad and Tobago,Latin America and Caribbean
Uruguay,Latin America and Caribbean
Venezuela,Latin America and Caribbean
Algeria,Middle East and Northern Africa
Bahrain,Middle East and Northern Africa
Egypt,Middle East and Northern Africa
Iran,Middle East and Northern Africa
Iraq,Middle East and Northern Africa
Israel,Middle East and Northern Africa
Jordan,Middle East and Northern Africa
Kuwait,Middle East and Northern Africa
Lebanon,Middle East and Northern Africa
Libya,Middle East and Northern Africa
Morocco,Middle East and Northern Africa
Oman,Middle East and Northern Africa
Palestinian Territories,Middle East and Northern Africa
Qatar,Middle East and Northern Africa
Saudi Arabia,Middle East and Northern Africa
Syria,Middle East and Northern Africa
Tunisia,Middle East and Northern Africa
Turkey,Middle East and Northern Africa
United Arab Emirates,Middle East and Northern Africa
Yemen,Middle East and Northern Africa
Canada,North America
United States,North America
Cambodia,Southeastern Asia
Indonesia,Southeastern Asia
Laos,Southeastern Asia
Malaysia,Southeastern Asia
Myanmar,Southeastern Asia
Philippines,Southeastern Asia
Singapore,Southeastern Asia
Thailand,Southeastern Asia
Vietnam,Southeastern Asia
"Eswatini, Kingdom of",Southern Africa
Afghanistan,Southern Asia
Bangladesh,Southern Asia
Bhutan,Southern Asia
India,Southern Asia
Maldives,Southern Asia
Nepal,Southern Asia
Pakistan,Southern Asia
Sri Lanka,Southern Asia
Angola,Sub-Saharan Africa
Benin,Sub-Saharan Africa
Botswana,Sub-Saharan Africa
Burkina Faso,Sub-Saharan Africa
Burundi,Sub-Saharan Africa
Cameroon,Sub-Saharan Africa
Central African Republic,Sub-Saharan Africa
Chad,Sub-Saharan Africa
Comoros,Sub-Saharan Africa
Congo,Sub-Saharan Africa
Congo (Brazzaville),Sub-Saharan Africa
Congo (Kinshasa),Sub-Saharan Africa
Djibouti,Sub-Saharan Africa
Ethiopia,Sub-Saharan Africa
Gabon,Sub-Saharan Africa
Gambia,Sub-Saharan Africa
Ghana,Sub-Saharan Africa
Guinea,Sub-Saharan Africa
Ivory Coast,Sub-Saharan Africa
Kenya,Sub-Saharan Africa
Lesotho,Sub-Saharan Africa
Liberia,Sub-Saharan Africa
Madagascar,Sub-Saharan Africa
Malawi,Sub-Saharan Africa
Mali,Sub-Saharan Africa
Mauritania,Sub-Saharan Africa
Mauritius,Sub-Saharan Africa
Mozambique,Sub-Saharan Africa
Namibia,Sub-Saharan Africa
Niger,Sub-Saharan Africa
Nigeria,Sub-Saharan Africa
Rwanda,Sub-Saharan Africa
Senegal,Sub-Saharan Africa
Sierra Leone,Sub-Saharan Africa
Somalia,Sub-Saharan Africa
Somaliland Region,Sub-Saharan Africa
South Africa,Sub-Saharan Africa
South Sudan,Sub-Saharan Africa
Sudan,Sub-Saharan Africa
Swaziland,Sub-Saharan Africa
Tanzania,Sub-Saharan Africa
Togo,Sub-Saharan Africa
Uganda,Sub-Saharan Africa
Zambia,Sub-Saharan Africa
Zimbabwe,Sub-Saharan Africa
Austria,Western Europe
Belgium,Western Europe
Cyprus,Western Europe
Denmark,Western Europe
Finland,Western Europe
France,Western Europe
Germany,Western Europe
Greece,Western Europe
Iceland,Western Europe
Ireland,Western Europe
Italy,Western Europe
Luxembourg,Western Europe
Malta,Western Europe
Netherlands,Western Europe
Northern Cyprus,Western Europe
Norway,Western Europe
Portugal,Western Europe
Spain,Western Europe
Sweden,Western Europe
Switzerland,Western Europe
United Kingdom,Western Europe
